consumers,node,type,annual_heat,peak,flh
0,16,pub,1E5,42.2,2369.6682464454975
1,17,sfh,25000,11.265,2219.263205
2,18,mfh,80000,26.700,2996.254682
3,19,mfh,80000,26.700,2996.254682
4,20,sfh,25000,11.265,2219.263205
5,21,sfh,25000,11.265,2219.263205
6,22,mfh,80000,26.700,2996.254682
7,23,pub,1E5,42.2,2369.6682464454975
8,24,ghd,140000,65.453,2138.939392
9,25,ghd,140000,65.453,2138.939392
